Title,Company,Location,Stipend,Date
Operations,MiStay,Bangalore(Hybrid),"₹ 8,000 - 10,000 /month",4 days agoBe an early applicant
Software Development Engineering (Web),Pulse Pharmaceuticals,Hyderabad,"₹ 10,000 - 15,000 /month",3 weeks ago
"Software Development Engineer I, Amazon University Talent Acquisition",Amazon,"Chennai, Delhi, Bengaluru",Not provided,3 weeks agoBe an early applicant
Software Development Engineer I – Amazon University Talent Acquisition,Amazon,Bengaluru,Not provided,3 weeks agoBe an early applicant
"Software Development Engineer I, Amazon University Talent Acquisition",Amazon,Bengaluru,Not provided,3 weeks agoBe an early applicant
UrbanTech Operations,Arealis Networks Pvt. Ltd.,Pune(Hybrid),"₹ 3,000 - 5,000 /month",3 days agoPart time
Software Development,Blaziken Technologies Private Limited,Mumbai,"₹ 5,000 - 10,000 /month",2 days ago
Automation Engineering – POS & Inventory Management Systems,Schoolato,Gurgaon,"₹ 3,000 - 6,000 /month",3 days ago
Internet Of Things (IoT),Techiesms,Ahmedabad,"₹ 4,000 - 5,000 /month",Few hours agoBe an early applicantPart time
Machine Learning,Maxgen Technologies Private Limited,Ahmedabad,"₹ 7,000 - 12,000 /month",Few hours ago
Not Available,Not Available,Not Available,Not Available,Not Available
Python Development,Aadhvik Technologies,Work from home,"₹ 1,000 - 2,000 /month",1 day agoPart time
Data Analytics,Water Town Swim School,Work from home,"₹ 20,000 - 40,000 /month",1 day ago
Mechatronics & Robotics  Engineer,Yolabs,Bangalore,"₹ 9,000 - 16,000 /month",1 day agoJob offer upto₹ 6LPApost internship
Business Analytics,Snapmint Credit Advisory Private Limited,Bangalore,"₹ 30,000 - 40,000 /month",1 day ago
Data Analytics,Kkonnect.io,Bangalore,"₹ 10,000 - 15,000 /month",1 day ago
Backend Development,Whatbytes,Work from home,"₹ 10,000 - 20,000 /month",2 days ago
Artificial Intelligence (AI),Jivichem Synthesis Private Limited,Work from home,"₹ 22,000 /month",2 days ago
Data Science,Jivichem Synthesis Private Limited,Work from home,"₹ 22,000 /month",2 days agoPart time
Software Developer – AI Agent Systems,Pehchaan AI Technologies,Work from home,"₹ 10,000 - 15,000 /month",2 days ago
Software Development,StoryMirror Infotech Private Limited,Mumbai,"₹ 10,000 - 40,000 /month",2 days ago
Machine Learning,MentorBoxx,Work from home,"₹ 10,000 /month",2 days agoPart time
Data Science,MentorBoxx,Work from home,"₹ 10,000 /month",2 days agoPart time
Node.js Development,Warewe Consultancy Private Limited,Gurgaon,"₹ 10,000 - 15,000 /month",2 days ago
Integration Specialist,Talent Corner HR Services,Mumbai,"₹ 15,000 lump sum",2 days ago
Automation Specialist,Talent Corner HR Services,Mumbai,"₹ 15,000 lump sum",2 days ago
IT Internship,Fuel It Online,"Delhi, Indore, Jodhpur, Kanpur, Kolkata, Lucknow, Patna, Udaipur, Mumbai, Varanasi, Jaipur, Noida, Bangalore, Prayagraj Sub-District(Hybrid)","₹ 2,000 - 10,000 /month",2 days ago
Machine Learning,NDFM Business World Pvt. Ltd.,Work from home,"₹ 5,000 - 7,000 /month",2 days agoJob offer upto₹ 10LPApost internship
AWS DevOps Engineer,IESoft Technologies Private Limited,Mumbai,"₹ 20,000 - 2,50,000 /month",3 days agoJob offer upto₹ 5LPApost internship
Full Stack Development,Ridvig Technologies,Work from home,"₹ 1,000 /month",3 days ago
Software Development Engineering (Web),Metagauss,Jaipur,"₹ 7,000 - 8,000 /month",3 days ago
Data Engineer,Talent Corner HR Services,Mumbai,"₹ 15,000 lump sum",3 days ago
Technical,Nurture Xcel,Mumbai,"₹ 5,000 - 7,000 /month",3 days ago
Robotics Development - ROS,AtumX,Chennai,"₹ 5,000 - 10,000 /month",3 days ago
Cybersecurity Analyst,Talent Corner HR Services,Mumbai,"₹ 15,000 lump sum",3 days ago
Campus Ambassador,NFThing,Work from home,Performance Based,3 days agoPart time
Artificial Intelligence (AI),Settyl,Chennai,"₹ 12,000 - 15,000 /month",3 days ago
Full Stack Developer,Talent Corner HR Services,Mumbai,"₹ 15,000 lump sum",3 days ago
Data Analyst,Talent Corner HR Services,Mumbai,"₹ 15,000 lump sum",3 days ago
Artificial Intelligence (AI),HeyCloudy,Work from home,"₹ 2,000 /month",3 days agoPart time
Business Strategy Analyst,Faclon,Mumbai,"₹ 7,000 - 12,000 /month",3 days ago
Software Development,Amber Flux Private Limited,Work from home,"₹ 9,999 - 10,000 /month",3 days agoPart time
GLSL Shaders Developer,WebTree Global Private Limited,Work from home,"₹ 1,001 - 7,000 /month",3 days ago
GenAI/LLM,Resolute AI Software Private Limited,Work from home,"₹ 5,000 - 8,000 /month",3 days ago
Game Analyst,Underpin Services,"Delhi, Noida","₹ 15,000 /month",3 days ago
Full Stack Development,Deepnexus S,Work from home,"₹ 17,000 - 23,000 /month",3 days ago
Automation Engineer,Spiritual Sutra Pvt. Ltd,Mumbai,"₹ 10,000 /month",3 days ago
Software Development,The Future University,"Chandigarh, Mohali","₹ 15,000 - 20,000 /month",3 days agoJob offer upto₹ 11LPApost internship
Artificial Neural Networks,Amart Global,Work from home,Unpaid,4 days agoPart time
Zoho Developer,ZoChord,Gurgaon,"₹ 2,000 /month",4 days agoJob offer upto₹ 3LPApost internship
Software Development  (Python/Django + React),Senso Vision System,Bangalore,"₹ 5,000 - 10,000 /month",4 days ago
Not Available,Not Available,Not Available,Not Available,Not Available
Full Stack Development,Vanuston Intelligence Pvt Ltd,Chennai,"₹ 5,000 - 6,000 /month",4 days agoJob offer upto₹ 2.4LPApost internship
Full Stack AI Engineer - Intern,AffinityAnswers,Work from home,"₹ 30,000 - 35,000 /month",4 days ago
Internet Of Things (IoT),Olus Infomatics,Gurgaon,"₹ 12,000 /month",4 days ago
Full Stack Development,Maxgen Technologies Private Limited,Pune,"₹ 7,000 - 12,000 /month",4 days ago
Full Stack Development,Louder World,Delhi,"₹ 8,000 - 12,000 /month",4 days ago
Data Analytics,Kyaneos Technologies Private Limited,Work from home,"₹ 20,000 - 25,001 /month",4 days agoJob offer upto₹ 4.5LPApost internship
Data Analyst,Khilonamart,Indore(Hybrid),"₹ 4,000 - 7,000 /month",5 days ago
Python Development,iTech Mission Private Limited,"Delhi, Gurgaon, Noida","₹ 15,000 /month",5 days agoJob offer starting₹ 5LPApost internship
MCQ Problem Setter,Cognitio Eduventures Private Limited,Work from home,"₹ 14,500 - 15,000 /month",5 days agoPart time
Data Engineering,WiseAnalytics,Bangalore,"₹ 2,000 - 20,000 /month",5 days ago
Data Analytics,WiseAnalytics,Bangalore,"₹ 2,000 - 20,000 /month",5 days ago
Content Writing,Mem0 AI,Work from home,"₹ 20,000 - 30,000 /month",5 days agoPart time
Automation - Supply Chain,Heavenly Secrets Private Limited,Mumbai,"₹ 15,000 /month",5 days ago
Full Stack Development,Digite Infotech Private Limited,Bangalore,"₹ 15,000 - 20,000 /month",5 days ago
Internet Of Things (IoT),TringBox,Work from home,"₹ 4,000 - 15,000 /month",5 days agoJob offer upto₹ 7LPApost internshipPart time
Data Visualisation,WiseAnalytics,Bangalore,"₹ 2,000 - 20,000 /month",5 days ago
Artificial Intelligence (AI),Step Consultancy,Work from home,"₹ 10,000 - 20,000 /month",5 days agoJob offer upto₹ 10LPApost internship
Blockchain Development,Buddha Education Association Incorporation,Work from home,"₹ 10,000 /month",5 days agoJob offer upto₹ 11LPApost internship
Artificial Intelligence (AI),Buddha Education Association Incorporation,Work from home,"₹ 10,000 /month",5 days ago
Machine Learning,Buddha Education Association Incorporation,Work from home,"₹ 10,000 /month",5 days agoPart time
Data Science,WiseAnalytics,Bangalore,"₹ 2,000 - 20,000 /month",5 days ago
Video Editing/Making,SubSpace,Work from home,"₹ 20,000 /month",5 days ago
SQL DEVELOPER,Eucloid Data Solutions Private Limited,Gurgaon,"₹ 30,000 /month",5 days ago
Data Science AI&ML Python Research,Megaminds IT Services,Work from home,"₹ 1,000 - 10,000 /month",6 days ago
Software Development,TejTeam,Mumbai,"₹ 5,000 - 10,000 /month",6 days ago
Artificial Intelligence (AI),Deepnexus S,Work from home,"₹ 16,000 - 24,000 /month",6 days ago
AI/ML Engineer,Maxgen Technologies Private Limited,Ahmedabad,"₹ 7,000 - 12,000 /month",6 days ago
Artificial Neural Networks,Coding Junior,Work from home,Unpaid,6 days agoJob offer post internship
Full Stack Development,RCS Projects Pvt Ltd,Work from home,"₹ 10,000 - 12,000 /month",6 days agoJob offer upto₹ 4LPApost internship
Chatbot & Integration Developer,Pawan Gurnani,Work from home,"₹ 10,000 - 10,001 /month",6 days ago
